{
  "eula": "",
  "vendor": "JM",
  "license": "",
  "id": "com.sap.sac.jm",
  "version": "1.2.0",
  "name": "Widget_DocUpload",
  "icon": "data:image/png;base64,iVBORw0KGgoAAAANSUhEUgAAABAAAAAQCAIAAACQkWg2AAAASklEQVR42mJkIAEwCkZXRFNkbFiA5X9AsjbQhwEgbQQpZFY9qEBCuSgC6kFoFXBikIgSiFqEKotWgFwBiYJQOiCeKTBbGQwaE5AJFgChdQQrW14gzAUPAKJEZ8KuzgXAAAAAElFTkSuQmCC",
  "newInstancePrefix": "DocumentGeneration",
  "description": "DocumentGeneration",
  "webcomponents": [
    {
      "kind": "main",
      "tag": "com-sap-sac-jm",
      "url": "/main.js",
      "integrity": "",
      "ignoreIntegrity": true
    }
  ],
  "properties": {
    "width": {
      "type": "integer",
      "default": 600
    },
    "height": {
      "type": "integer",
      "default": 420
    }
  },
  "methods": {
    "sendPostData": {
      "description": "Send POST Data",
      "parameters": [
        {
          "name": "object",
          "type": "Object<string>",
          "description": "Post Data"
        }
      ]
    }
  },
  "events":{},
  "dataBindings": {
    "dataBinding": {
      "feeds": [
        {
          "id": "dimensions",
          "description": "Dimensions",
          "type": "dimension"
        },
        {
          "id": "measures",
          "description": "Measures",
          "type": "mainStructureMember"
        }
      ]
    }
  }
}
